title,imageSrc
Plasticomi,https://i.kym-cdn.com/photos/images/original/002/250/972/efe.png
Kyiv Spiderman,https://i.kym-cdn.com/entries/icons/mobile/000/039/686/ghostofkyiv.jpg
I Made It Up,https://i.kym-cdn.com/photos/images/original/002/317/295/04d
Two Guys on A Bus Genshin,https://i.kym-cdn.com/photos/images/original/002/272/462/944
Ankha Zone,https://i.kym-cdn.com/photos/images/original/002/276/976/d8b.png
Nothing Stronger Than Family,https://i.kym-cdn.com/entries/icons/mobile/000/037/639/torreto.jpg
Sigma Stare,https://i.kym-cdn.com/entries/icons/mobile/000/037/630/cover2.jpg
Samsung Sam,https://i.kym-cdn.com/entries/icons/mobile/000/037/359/cover1.jpg
Sussy Baka,https://i.kym-cdn.com/entries/icons/mobile/000/037/105/coversussy.jpg
Da Baby,https://i.kym-cdn.com/entries/icons/mobile/000/036/746/cover1.jpg
